2024_avg_score,byeWeek,MFL_PLAYER_ID,name,NFLPlayerCardInfo,NFLTeamforPlayer,position,match_source
25.6,7,13122,Lamar Jackson,"Lamar did Lamar things... Ran wild, dropped dimes, and made defenses dizzy. Still one the most dangerous dual threats in the game.",BAL,QB,already_had_id
22.5,9,13590,Baker Mayfield,"Baker found redemption in Tampa. Career-high yardage, 41 TDs, and has been running more. Now can he do it again?",TB,QB,matched_from_sheet
18.1,8,,Kyler Murray,"Kyler’s still got the wheels—and when he uses them, defenders panic. If the Cards unleash him, you’re getting 10+ rush TD upside.",ARI,QB,UNMATCHED_needs_id
20,10,13060,Ja'Marr Chase,"He's a walking highlight reel whose fantasy production is as explosive as his on-field personality. Draft him and enjoy the show. He led the NFL in receptions (127), receiving yards (1,708), and receiving touchdowns (17) in 2024",CIN,WR,already_had_id
18.3,10,13116,Patrick Mahomes II,"Still the best QB on Earth. Patrick may not have won fantasy leagues last year, but he’s a postseason assassin with great weapons returning. The calm before the storm?",KC,QB,already_had_id
18.6,14,,Brock Purdy,"Purdy’s combined 51 passing touchdowns over the past two seasons ranks eighth among all quarterbacks (just behind Patrick Mahomes’s 53), and the wily signal caller also offers some sneaky (deceptive, even) rushing value as a bonus. Purdy is a savvy scrambler (61 scrambles in the past two years, 10th most) who can pick up first downs with his legs and extend plays when they break down. He averaged over four fantasy points per game last year just from rushing—and that type of fantasy boost gives him top-10 potential again in 2025.",SF,QB,UNMATCHED_needs_id
21.5,12,16581,Jayden Daniels,Jayden went from NCAA highlight reel to NFL cheat code. Led all rookies in fantasy and runs like he owes defenders money.,WAS,QB,matched_from_sheet
21.3,9,14783,Jalen Hurts,Jalen's got the most unstoppable play in football and a nose for the end zone. Tush push? More like auto TDs.,PHI,QB,matched_from_sheet
22.5,10,13121,Joe Burrow,"Joe looked elite when healthy, averaging 22.5 PPG. If he’s back to full strength, he’s a top-5 lock with top-3 upside.",CIN,QB,already_had_id
22.6,7,13120,Josh Allen,"Josh didn’t just play—he ruled. Josh puts up MVP stats, runs like a RB, and slings like a sniper. Fantasy gold every week.",BUF,QB,already_had_id
15.3,5,16579,Caleb Williams,"There wasn’t a whole lot that went well for Williams during his rookie year, but he did at least flash the fantasy upside that many thought he’d have. Williams notched five top-six weeks, including an overall QB1 performance in Week 6. If Williams can play within his offense more and cut down on sacks in year two under the tutelage of Ben Johnson, he’ll produce a whole lot more spike weeks for your fantasy squad.",CHI,QB,matched_from_sheet
12,9,15238,Justin Fields,"Fields had the second-most rushing yards for a QB ever in 2022 (1,143) and is now the Jets’ starting QB. New York is likely to double down on the run after ranking dead last in rush attempts last year. From Week 5 on in 2022, Fields was behind only Josh Allen, Jalen Hurts, and Patrick Mahomes in points per game.",NYJ,QB,matched_from_sheet
15.6,6,13055,Justin Jefferson,"The only thing more beautiful than his route running is his contract extension. He's the WR1 with the highest floor in fantasy football. He had 103 catches for 1,533 yards and 10 touchdowns in 2024",MIN,WR,already_had_id
19.3,12,16582,Bo Nix,"The Broncos added TE Evan Engram, RB J.K. Dobbins, and drafted RB RJ Harvey and WR Pat Bryant to help Bo Nix follow up his stellar rookie year, which saw him finish as the QB8 in fantasy. Nix looks to be a fantastic fit with Sean Payton, and will use his sneaky rushing ability (430 yards, four TDs) behind one of the league's best offensive lines to provide a high floor in fantasy this season. For the first time since high school, Nix is playing under the same head coach, play caller, and quarterbacks coach for a second straight offseason.",DEN,QB,matched_from_sheet
15.6,10,12620,Dak Prescott,"Prescott led the NFL in passing touchdowns (36) in 2023 while completing nearly 70 percent of his passes, showing he’s still capable of operating a scorching-hot Dallas offense. In addition to CeeDee Lamb, Prescott now has receiver George Pickens to throw to. That’s the best no. 2 wideout for Dallas in years.",DAL,QB,matched_from_sheet
17,12,14779,Justin Herbert,"After overcoming some early-season injuries, from Weeks 7 to 18 Herbert ranked fourth in passing yards per game, ninth in rushing yards per game, and 10th in fantasy points per game at the QB position. This offseason the Chargers added some rookie talent in RB Omarion Hampton and pass catchers Tre Harris and Oronde Gadsden II. Herbert is still on an offense that wants to run the football, but his talent as a thrower and runner keeps him in the mix as a QB1.",LAC,QB,matched_from_sheet
19.8,8,12611,Jared Goff,"Goff is capable of putting up big-time numbers in the passing game, but he’s a zero as a runner. Still he's on one of the best offenses, but we'll see how he does without his offensive coordinator.",DET,QB,matched_from_sheet
14.2,10,13062,CeeDee Lamb,"He's Dak Prescott’s best friend and the Cowboys' entire offense. His volume is a cheat code, and he's a lock for triple-digit receptions. He finished 2024 with 101 catches for 1,194 yards and six touchdowns",DAL,WR,already_had_id
21.2,9,13604,Saquon Barkley,"The Madden Cover star led the NFL in touches in 2024 and held up remarkably. With over 2,000 rushinge yards, Saquon reminded us he’s still elite. Volume and efficiency like that is rare, but can he do it again?",PHI,RB,matched_from_sheet
15.2,8,16211,Puka Nacua,"The league is still trying to figure out if he's actually human. His rookie season was a fluke, and his sophomore season was even better. He’s the real deal.",LAR,WR,matched_from_sheet
19.2,7,13052,Derrick Henry,"The King isn't dead yet, he just moved his kingdom to Baltimore. He's a bulldozer, not a dance partner. Last year at age 30, he rushed for over 1,900 yards ",BAL,RB,already_had_id
13.7,6,16150,C.J. Stroud,"Stroud was spectacular as a rookie, finishing as the QB8 in fantasy points per game by throwing 23 touchdown passes and just five picks while adding three rushing scores. Despite his disappointing sophomore slump in 2024 (he dropped to QB28 in points per game), a top-10 finish remains in Stroud’s range of outcomes. He needs to cut down on sacks and create more big plays, but he still has the talent to bounce back closer to his rookie performance.",HOU,QB,matched_from_sheet
15.2,8,13057,Amon-Ra St. Brown,"The Sun God is a PPR monster. He gets targets, he gets yards, and he gets touchdowns. He's a safe bet for a top-5 WR finish.",DET,WR,already_had_id
18.3,5,13051,Bijan Robinson,"From Week 6 on, he was the RB1 in fantasy. With an actual QB under center, Bijan’s gonna feast. This is the breakout season you were promised.",ATL,RB,already_had_id
14.1,8,16618,Brian Thomas Jr.,"One of the most explosive deep threats in the league, but he'll need to prove he's not a one-trick pony. He'll have some massive weeks and some duds, but his ceiling is worth the risk.",JAC,WR,matched_from_sheet
16.2,5,,Josh Jacobs,"The RB 1 on the Green Bay Packers has led the league in touches, with little competition this year, he could do that again.",GB,RB,UNMATCHED_needs_id
14.7,6,15290,Nico Collins,"He's the clear-cut WR1 in a high-octane offense. The volume is there, the talent is there, and now the stats are too. He had 68 catches for 1,006 yards and seven touchdowns in just 12 games in 2024",HOU,WR,matched_from_sheet
14.2,8,13059,Davante Adams,"He's still a superstar, even on a new team with a crowded receiver room. He'll get his targets, and he’ll make plays. His value is higher than his ADP but him and Stafford need to stay healthy.",LAR,WR,already_had_id
19.8,8,16162,Jahmyr Gibbs,"He’s electric, explosive, and faaast. Draft him and watch him score in bunchesas he led all running backs with 16 rushing touchdowns in 2024",DET,RB,matched_from_sheet
14.6,14,16615,Malik Nabers,A second year player who might just lead the league in targets this year. He's dynamic and shifty when he gets the ball and can score on any play,NYG,WR,matched_from_sheet
13.4,14,16580,Drake Maye,One of the last QBs you’ll find in a fantasy draft who is definitely a starter and can run. Maye demonstrated outlandish talent last season but is getting a major upgrade in his coaching staff as well as in the talent around him.,NE,QB,matched_from_sheet
15.5,10,14835,Tee Higgins,"The number two in Cincinnati is a surefire fantasy WR2 with WR1 upside. He finally got his contract, and with Ja'Marr Chase drawing all the attention, Higgins is primed for a huge season.",CIN,WR,matched_from_sheet
17.1,12,14778,Tua Tagovailoa,"One of the league’s most productive pocket passers when healthy, but staying healthy is the hard part. While Tua’s health is his biggest concern, he played all 17 games in 2023 and led the NFL in passing yards.",MIA,QB,matched_from_sheet
15.3,12,16167,De'Von Achane,Achane's speed is a cheat code and his big-play ability is unmatched. Fun Fact: He averaged an outrageous 7.8 yards per carry as a rookie.,MIA,RB,matched_from_sheet
14.1,9,14104,A.J. Brown,"He's a top 5 receiver in football, but he's on a team that runs the ball among the most in the league. He'll win you weeks and have week's where he's real quiet",PHI,WR,matched_from_sheet
18.8,8,,Sam Darnold,"Sam Darnold led his team to 14 wins, but still will always be known for his memes",SEA,QB,UNMATCHED_needs_id
15.2,8,,Trevor Lawrence,"Lawrence could see a dramatic improvement in 2025 thanks to the arrival of new Jags head coach Liam Coen and his quarterback-friendly scheme. It won’t hurt, either, that Lawrence has a new big-time playmaker in Travis Hunter. After seeing Coen help turn Baker Mayfield into the QB4 in fantasy last year, it’s hard to put a ceiling on what he could do with Lawrence in Jacksonville.",JAC,QB,UNMATCHED_needs_id
16.3,5,15952,Jordan Love,"Love’s numbers in 2024 were stunted by injuries suffered throughout the season to his knee, shoulder, and elbow. When healthy, though, Love brings the upside to lead the league in passing touchdowns (he was second in 2023 with 32). He’s a big-play hunter with the arm strength and aggressiveness to make every throw and, critically, is surrounded by a talented core of young playmakers.",GB,QB,matched_from_sheet
13.9,8,9431,Matthew Stafford,"Stafford had a down year in the touchdown pass department in 2024, tossing just 20 scores, but it’s easy to see that number bouncing back closer to 30 this year, especially with the addition of red-zone monster Davante Adams. Stafford, who has averaged 28 passing touchdowns per 17 games over his 16 year career, could be a sneaky quarterback streamer this season or a solid QB2 in superflex.",LAR,QB,matched_from_sheet
15.9,8,,Kyren Williams,Kyren Williams scored 14 TDs and 1300 rushing yards last year. He's the go to when the Rams are in the red zone,LAR,RB,UNMATCHED_needs_id
,10,17030,Cam Ward,"#1 overall pick in last year's draft, but can he turn around the worst team in the league? He's got a good arm, and a playmaker, but time will tell",TEN,QB,matched_from_sheet
10.1,14,13049,Christian McCaffrey,"The fantasy GOAT is still someone to consider even with the injury risks. He's the highest floor and highest ceiling in fantasy football. He is one of only two players to ever rush for 1,000 yards and have 1,000 yards receiving in a single season.",SF,RB,already_had_id
,8,17042,Ashton Jeanty,A rookie with an elite college resume and first-round draft capital. Expect a monstrous workload from day one. He came within 27 yards of Barry Sanders’ single-season rushing record at Boise State in 2024.,LV,RB,matched_from_sheet
13.6,5,15751,Drake London,"Drake London is finally free from the constraints of Arthur Smith's coaching. He's a target monster with a new, more aggressive offense. He's a high-end WR2 with WR1 upside.",ATL,WR,matched_from_sheet
12.5,12,,Ladd McConkey,Last year Chargers rookie hit the ground running with an electric connection with Justin Herbert. He's a PPR machine and could be a league winner.,LAC,WR,UNMATCHED_needs_id
16.5,8,11150,Geno Smith,"Smith was QB16 last year in points per game and is now being drafted outside of the top 20 at his position. Even if the Raiders take a more run-balanced approach to their offense, Geno stands to benefit from a better offensive line, great weapons, and a competitive division that should produce plenty of high-scoring games.",LV,QB,matched_from_sheet
9.4,5,16583,Michael Penix Jr.,"Atlanta’s new golden boy is a high-risk, high-reward pick with a rocket arm, but an injury history. In his three starts in 2024, he led all rookie quarterbacks with a 87.6 Pro Football Focus passing grade.",ATL,QB,matched_from_sheet
14.6,14,,Bryce Young,"Young revitalized his career in the middle of last season, returning from his benching to lead a league-average unit. With new receiver Tetairoa McMillan, Young could be a perfectly middle-of-the-road QB.",CAR,QB,UNMATCHED_needs_id
10.5,12,13058,Tyreek Hill,"The Cheetah is still the most dangerous deep threat in the league. His production is a bit more volatile now, but his big-play ability is worth the risk.",MIA,WR,already_had_id
,6,,J.J. McCarthy,"It’s not ideal that he missed his entire rookie season to a meniscus tear, but McCarthy should benefit greatly by playing in one of the most quarterback-friendly offenses in football. Kevin O’Connell is a wizard at scheming guys open, and McCarthy will be throwing to the likes of Justin Jefferson, Jordan Addison, and T.J. Hockenson. The second-year pro could be far more efficient than expected—and maybe even prolific—in his debut season.",MIN,QB,UNMATCHED_needs_id
15.7,5,,Aaron Rodgers,"Rodgers' fantasy value is a wild ride, fueled by drama, conspiracy theories, and the ghosts of his Achilles tendon. Still he threw 28 TD passes and he's top 5 in the NFL all time in that category ",PIT,QB,UNMATCHED_needs_id
14.5,9,11671,Mike Evans,"He's a veteran who knows how to get open, even in a crowded receiver room. He's had 11 straight seasons with at least 1,000 receiving yards.",TB,WR,matched_from_sheet
13.3,12,,Terry McLaurin,"He finally got a new QB in Jaden Daniels, and put up great numbers last year. However this year he hasn't practiced with the team much as he hopes to get a new contract",WAS,WR,UNMATCHED_needs_id
16.8,11,14802,Jonathan Taylor,"It's been a while since he was the overall RB 1, but Taylor still has the juice, and little competition in Indianapolis",IND,RB,matched_from_sheet
13,9,16598,Bucky Irving,"A rookie breakout star, Irving is primed for an even bigger role this year. He's a league-winning talent waiting to happen.",TB,RB,matched_from_sheet
13.3,9,15708,Breece Hall,"The talent is undeniable, but the Jets offense is still a question mark. A new offensive coordinator brings a new system, making his fantasy outlook a high-risk, high-reward play.",NYJ,RB,matched_from_sheet
9.3,10,16620,Xavier Worthy,"His speed is a cheat code. He's a big-play threat who could be a boom-or-bust fantasy option, but his connection with Patrick Mahomes is something to watch.",KC,WR,matched_from_sheet
15.7,7,15715,James Cook,"His fantasy value is touchdown-dependent and he's due for regression. The volume is there, but a crowded backfield and a dip in scores could spell trouble.",BUF,RB,matched_from_sheet
13.2,10,,Rashee Rice,"His off-the-field issues are a concern, but his on-field production is not. He's an explosive receiver in a high-powered offense with Patrick Mahomes at the helm.",KC,WR,UNMATCHED_needs_id
15.9,11,,Anthony Richardson Sr.,"He's the Happy Gilmore of QB's he can throw it a mile, but can't hit a player 5 yards away consistently. ",IND,QB,UNMATCHED_needs_id
15.9,6,,Joe Mixon,"Mixon's value is tied to his health and his usage. There are too many storm clouds to warrant an early draft pick, but over the last four years, he has averaged 1,377 yards from scrimmage per season.",HOU,RB,UNMATCHED_needs_id
16.5,11,13132,Alvin Kamara,"Approaching his age-30 season on a team in transition, Kamara's receiving work will keep his floor high. He might not get the same high-end volume, but he's still a PPR machine.",NO,RB,matched_from_sheet
11.9,8,16185,Jaxon Smith-Njigba,"JSN is a PPR monster who is a threat to break out at any moment. With a new offensive coordinator, he should finally be unleashed.",SEA,WR,matched_from_sheet
14.4,8,15711,Kenneth Walker III,"He's ultra-efficient with the ball in his hands, but his long-term health is a concern. A new system and a potential committee could limit his upside, but his big-play ability is a game-changer.",SEA,RB,matched_from_sheet
11.1,5,13635,DJ Moore,"He's a target magnet who is a safe bet for a high-end WR2 finish. He's a great route runner with a knack for making big plays, but he's still a risky play with inconsistent quarterback play",CHI,WR,matched_from_sheet
9.7,8,16614,Marvin Harrison Jr.,"The generational prospect didn't exactly have a generational rookie year, but with a full season under his belt, it's a different story. He's a technician with Hall of Fame bloodlines. While he might have been a disappointment in fantasy last year, he did tie the Cardinals' rookie record for receiving touchdowns with eight.",ARI,WR,matched_from_sheet
10.1,7,16190,Zay Flowers,Lamar Jackson’s top target and the engine of the Ravens passing attack. He's a shifty route runner with game-breaking speed.,BAL,WR,matched_from_sheet
10.5,5,,DK Metcalf,"He’s a physical freak. Even with a new team and QB, he’s a dominant fantasy player. He finished 2024 with 66 catches, 992 yards, and 5 TDs",PIT,WR,UNMATCHED_needs_id
14.3,10,16181,Chase Brown,"He emerged as a workhorse in 2024 and is primed for an even bigger role. His versatility as a rusher and receiver makes him a high-floor, high-ceiling option. From Week 4 on in 2024, he was the RB6 in fantasy scoring.",CIN,RB,matched_from_sheet
14.4,8,,James Conner,"His new deal and a clear role make him a valuable mid-round pick if you're willing to gamble on his health. He's only the third player in Cardinals history with multiple 1,000-yard rushing seasons.",ARI,RB,UNMATCHED_needs_id
11.8,9,15753,Garrett Wilson,"He finally has a quality QB, and his fantasy production will soar. He's an elite route runner who will be a target monster.",NYJ,WR,matched_from_sheet
14.6,8,14071,David Montgomery,"The thunder to Jahmyr Gibbs' lightning, Montgomery is a touchdown machine, but he’s aging and could see a dip in volume. A new offensive coordinator might also shift the balance in the backfield.",DET,RB,matched_from_sheet
12.7,6,,Aaron Jones Sr.,"At 31 years old, the veteran is entering a committee backfield. He may still have some juice left, but his workload and efficiency are in question. He's finished as a top-15 fantasy RB in five of the last six seasons.",MIN,RB,UNMATCHED_needs_id
9.8,10,13629,Calvin Ridley,"A volatile deep threat who is a boom-or-bust fantasy option on a new team. The Titans are a run-heavy team, but he'll still get his shots downfield.",TEN,WR,matched_from_sheet
9.6,10,15762,George Pickens,"He's an explosive deep threat who can win with his size and speed. His fantasy value is highly dependent on his new quarterback, but the ceiling is sky-high.",DAL,WR,matched_from_sheet
14.7,14,15261,Chuba Hubbard,"Fresh off a breakout season and a new contract, Hubbard is a fantastic value. The Panthers' improving offense and his dual-threat ability make him a safe bet for weekly production.",CAR,RB,matched_from_sheet
11.4,5,14797,D'Andre Swift,"Back with his old offensive coordinator, Ben Johnson, Swift is set for a fresh start. His usage in the passing game and his big-play ability make him a high-end RB2 with RB1 upside.",CHI,RB,matched_from_sheet
12.1,6,,Jordan Addison,A talented wide receiver who's now the clear-cut #2 option in the Vikings' passing attack. He’s a big-play threat with a knack for finding the end zone. He had 63 catches for 875 yards and 9 TDs in 2024,MIN,WR,UNMATCHED_needs_id
11.8,12,13630,Courtland Sutton,"He's a touchdown machine and a red zone weapon, but his production is tied to inconsistent quarterback play",DEN,WR,matched_from_sheet
12.7,9,15282,DeVonta Smith,"He’s a crisp route runner who is arguably the best WR2 in the league. He'll have spike weeks, but other weeks where he's phased out of the offense. He finished 2024 with 68 catches for 833 yards and 8 TDs.",PHI,WR,matched_from_sheet
16.2,14,,Russell Wilson,Try his signature sandwitch. It's called the Danger Witch and it's dangerously good. Be careful though. It's spicy.,NYG,QB,UNMATCHED_needs_id
,12,17044,Omarion Hampton,The Chargers' first-round pick is a physical runner with a monster college production profile. He's primed to be the lead back in a run-heavy offense under Jim Harbaugh.,LAC,RB,matched_from_sheet
11.3,10,13053,Tony Pollard,"The days of Pollard as a highly efficient back are over. He's now a touchdown-dependent runner in a committee. He’s best used as a flex option in fantasy, hoping for a spike week.",TEN,RB,already_had_id
12.2,8,15756,Jameson Williams,"Finally healthy, he's a true difference-maker. He’s a speedster who can take the top off a defense and he's poised for a breakout season. He finished 2024 with 58 catches for 1,001 yards and 7 TDs",DET,WR,matched_from_sheet
12.1,8,15794,Trey McBride,"He’s a target monster who is the focal point of his offense. He’s a high-volume TE with a massive target share. He finished 2024 with 111 catches for 1,146 yards.",ARI,TE,matched_from_sheet
13.2,14,13299,George Kittle,He's a human wrecking ball who plays with reckless abandon. The veteran TE is a consistent high-end fantasy option with an incredible knack for big plays.,SF,TE,matched_from_sheet
12.2,8,16641,Brock Bowers,"Last year Bowers broke every TE rookie record in the book. He's a tight end with a WR's skillset and a QB who needs a security blanket. His volume is a cheat code. He finished his rookie season with a whopping 112 receptions for 1,194 yards.",LV,TE,matched_from_sheet
11.5,9,14833,Jerry Jeudy,"Now with a new team and a QB who actually throws the ball, Jeudy is a prime breakout candidate. He's a crisp route runner who is poised for a career year. He had a career-high 90 catches for 1,229 yards in 2024.",CLE,WR,matched_from_sheet
11.6,8,14127,Jakobi Meyers,"A reliable and consistent receiver who will provide a solid floor for your fantasy team. He won't give you massive spike weeks, but he's a great option in PPR leagues. He finished 2024 with 87 catches for 1,027 yards.",LV,WR,matched_from_sheet
8.5,12,14136,Deebo Samuel Sr.," The versatile weapon has had some down years, but with a new team, he's a prime candidate for a bounce-back. His value is tied to his health and his usage, so be wary",WAS,WR,matched_from_sheet
16.1,9,13163,Chris Godwin,"Godwin is a dependable receiver who provides a great floor, but his ceiling is limited by a crowded receiver room. He's a great WR3 in PPR leagues.",TB,WR,matched_from_sheet
,8,17074,Travis Hunter,"A rookie with superstar potential on both sides of the ball. His fantasy value is directly tied to his usage, but he's a game-breaking talent who could be a league winner.",JAC,WR,matched_from_sheet
6.9,5,16616,Rome Odunze,The rookie wide receiver is a polished route runner with elite size and speed. He's an instant contributor in a new-look offense. He finished 2024 with 54 catches for 734 yards and 3 TDs.,CHI,WR,matched_from_sheet
7.5,12,15284,Jaylen Waddle,A big-play threat with a new QB who loves to push the ball downfield. He's a boom-or-bust fantasy option who could have some massive weeks.,MIA,WR,matched_from_sheet
11.8,8,13164,Cooper Kupp,"The veteran receiver is a consistent PPR producer, but injuries and age are a concern. He's still a high-end WR2, but he's no longer the fantasy WR1 he once was.",SEA,WR,matched_from_sheet
11.5,14,,Jauan Jennings,"The 49ers' slot receiver is a sneaky fantasy option who could be a league-winner. With Deebo Samuel gone and Brandon Aiyuk recovering from a torn ACL, Jennings is set up for a huge season.",SF,WR,UNMATCHED_needs_id
10,5,16184,Jayden Reed,A dynamic weapon with the ability to turn a short catch into a massive gain. He's a player who makes his own luck. He finished his 2024 season with 55 catches for 857 yards and six touchdowns.,GB,WR,matched_from_sheet
,12,17068,RJ Harvey,"A rookie second-round pick, Harvey is a lightning-fast and shifty runner in Sean Payton’s offense. While he may split carries with J.K. Dobbins, his receiving skills and explosiveness give him immense upside.",DEN,RB,matched_from_sheet
7.5,7,16617,Keon Coleman,"The rookie's transition to the NFL was a little bumpy, but his physical tools are undeniable. He has a chance to be a red zone monster and the WR1 in Buffalo",BUF,WR,matched_from_sheet
10.7,12,,Brian Robinson Jr.,"A healthy Robinson could be the Commanders' workhorse. He is an early-down thumper who can catch passes, giving him a great floor and a solid ceiling.",WAS,RB,UNMATCHED_needs_id
,14,17043,TreVeyon Henderson,"A dynamic back with elite speed, he landed in a great situation with the Patriots. He may not get a full three-down workload, but his big-play ability makes him a threat to score on any touch.",NE,RB,matched_from_sheet
,5,17048,Kaleb Johnson,The rookie out of Iowa product is a powerful downhill runner who projects as the early-down back in Pittsburgh's run-heavy offense.,PIT,RB,matched_from_sheet
,5,17075,Matthew Golden,"A talented rookie who will fight for a role in a crowded receiver room. He has a great combination of speed and strength, but his opportunity is a concern.",GB,WR,matched_from_sheet
9.6,7,15761,Khalil Shakir,He's a great receiver but on the smaller side and plays in 3 reciever sets. He had 76 catches for 821 yards and four touchdowns in 2024.,BUF,WR,matched_from_sheet
,9,,Quinshon Judkins,Might not play much this season because of an off the field court case,CLE,RB,UNMATCHED_needs_id
,14,17071,Tetairoa McMillan,A big-bodied rookie wide receiver with a massive catch radius and a knack for making contested catches. He was a top 10 pick in the NFL Draft,CAR,WR,matched_from_sheet
7.6,11,15754,Chris Olave,A talented wide receiver who's in a run-heavy offense and has to deal with a new QB. His fantasy value is a bit of a mystery as he's a great reciever on a bad offense and has health issues of his own.,NO,WR,matched_from_sheet
7.1,14,16622,Ricky Pearsall,He's a perfect fit for a Shanahan-style offense. Pearsall got shot his rook year and still finished the season with 65 catches for 965 yards and four touchdowns.,SF,WR,matched_from_sheet
,11,17039,Tyler Shough,This rookie was the 40th overall pick in a bad QB class and will be fighting for a spot,NO,QB,matched_from_sheet
10.1,5,14974,Darnell Mooney,He finished his 2024 season with 64 receptions for 992 yards and five touchdowns. Should be the WR 2 in Atlanta,ATL,WR,matched_from_sheet
7.3,10,15749,Isiah Pacheco,Pacheco is poised to be a workhorse back in one of the league's best offenses. His physical running style and nose for the end zone make him a high-end RB2. He led the Chiefs in rushing yards and touchdowns despite missing nine games in 2024,KC,RB,matched_from_sheet
10.6,14,,Rhamondre Stevenson,"A new offense and a new coach means a blank slate for Stevenson. He's a powerful runner with pass-catching upside, but his fumbling issues are a major concern.",NE,RB,UNMATCHED_needs_id
8.2,11,,Michael Pittman Jr.,A target hog with a new contract. Pittman is a good not great reciever on a terrible offense,IND,WR,UNMATCHED_needs_id
9.6,14,16747,Tyrone Tracy Jr.,"One of the few brighter spots for the Giants last year, could be a lead rusher, but on a team that projects for one of the lowest points int he league",NYG,RB,matched_from_sheet
7.8,10,,Javonte Williams,"Now with the Cowboys, Williams is looking to recapture his pre-injury form. He's once was a tackle-breaking machine  but he had a career-low 3.7 yards per carry in 2024",DAL,RB,UNMATCHED_needs_id
9,8,16214,Sam LaPorta,"The sophomore slump hit hard, but he’s still a red zone threat in a high-powered offense. He’s a consistent TE1 with a high floor. He finished 2024 with 60 catches for 726 yards and seven touchdowns.",DET,TE,matched_from_sheet
12.3,14,13056,Stefon Diggs,"He's a proven veteran with a Hall of Fame resume, but injuries and age are a concern. He's a boom-or-bust fantasy option who could be a WR1 if he stays healthy. He finished his 2024 season with 47 receptions for 496 yards and three touchdowns before tearing his ACL.",NE,WR,already_had_id
9.2,10,13054,Travis Kelce,"He's a future Hall of Famer, but father time is undefeated. His production has been on the decline, but he's still a top-tier fantasy TE because of his volume and connection with Mahomes",KC,TE,already_had_id
11.6,11,16080,Rashid Shaheed,A speed demon who can take the top off a defense and make big plays. He's a great bench stash who can give you a couple of explosive weeks.,NO,WR,matched_from_sheet
7,5,,Jaylen Warren,"A dynamic and explosive player, Warren is the lightning to Kaleb Johnson's thunder. He'll get plenty of touches as a receiver out of the backfield",PIT,RB,UNMATCHED_needs_id
9.6,12,13050,Austin Ekeler,"The veteran running back is a high-floor PPR option in his new home in Washington. While he won't be a workhorse, his role as a pass-catching specialist will give him plenty of value.",WAS,RB,already_had_id
7.1,14,14840,Brandon Aiyuk,"A torn ACL in 2024 have dampened his fantasy value. He’s a risky pick, but the talent is there if he can get back on the field. He only played in seven games in 2024 and isn't expected to start the season",SF,WR,matched_from_sheet
9.8,12,16188,Quentin Johnston,The Chargers rookie is a boom-or-bust fantasy option who needs to prove he can catch the ball consistently in the NFL,LAC,WR,matched_from_sheet
,14,17045,Cam Skattebo,"A rookie with a physical style and pass-catching chops make him a fascinating fantasy prospect. He rushed for 1,715 yards and 21 touchdowns in his final college season.",NYG,RB,matched_from_sheet
9.5,7,13671,Mark Andrews,"He's a touchdown machine and a red zone weapon, but his volume is a concern. He's a great TE1, but he needs to stay healthy and fend off Isaiah Likely.",BAL,TE,matched_from_sheet
8,14,,Wan'Dale Robinson,"He's a PPR machine who makes a lot of catches, but doesn't do much with them. Still a solid producer with 93 catches for 699 yards",NYG,WR,UNMATCHED_needs_id
8.9,7,15293,Rashod Bateman,"Finally healthy, Bateman broke out as a red zone threat. He's a great value pick who could be a consistent WR2.",BAL,WR,matched_from_sheet
11.6,14,,Adam Thielen,"The veteran receiver is a consistent PPR producer, but his age is a concern. He’s a great WR3 in PPR leagues, but don't expect many huge games.",CAR,WR,UNMATCHED_needs_id
10.6,9,13192,David Njoku,Njoku is tough as nails as he burned his face last year and still played football. He's a high-end TE1 with top-5 upside if he can stay healthy. Still the offense is a concern.,CLE,TE,matched_from_sheet
9.8,8,16169,Zach Charbonnet,"Still in a committee with Kenneth Walker III, Charbonnet's role is a bit of a mystery. He's an efficient runner, but he needs a bigger workload to be a consistent fantasy producer.",SEA,RB,matched_from_sheet
7.2,6,13633,Christian Kirk,"The veteran slot receiver is a reliable option for your fantasy team, but he's no longer the high-end WR2 he once was. His fantasy value is directly tied to his targets and a deep receiver room.",HOU,WR,matched_from_sheet
10.9,9,,Rachaad White,"The former lead back now finds himself in a committee with rookie Bucky Irving. His pass-catching ability will keep him relevant, but he’s no longer a sure thing for a massive workload.",TB,RB,UNMATCHED_needs_id
11,12,15254,Najee Harris,He's got one eye - supposedly. Hard to see a clear path for a ton of playing time if news about his eye injury doesn't improve,LAC,RB,matched_from_sheet
6.8,10,,Marquise Brown,"""Hollywood"" Brown is a boom-or-bust deep threat with WR1 upside if he can stay healthy. He finished his 2024 season with a career-low nine receptions for 91 yards and no touchdowns in just two games.",KC,WR,UNMATCHED_needs_id
8.2,10,,Tyjae Spears,"Spears is a dynamic pass catcher, but hard to know how many touches he will get on an offense that has been one of the worst in the league",TEN,RB,UNMATCHED_needs_id
10.5,11,16187,Josh Downs,"He's a dynamic slot receiver who can make big plays. He’s a great PPR option, but his value is tied to inconsistent quarterback play. He finished 2024 with 72 catches for 803 yards and five touchdowns.",IND,WR,matched_from_sheet
6.6,6,13063,T.J. Hockenson,"Coming off a significant injury last year, his fantasy value is in question. However he did have 41 catches in just 8 games last year. When healthy, he's a target monster. He's a high-risk, high-reward pick",MIN,TE,already_had_id
6.5,12,16189,Marvin Mims Jr.,The second-year receiver is a big-play threat with explosive speed. He could be a league winner if he can earn a bigger role in a the offense.,DEN,WR,matched_from_sheet
6.3,14,16639,Xavier Legette,A powerful and explosive rookie who is a great late-round flier. He's a boom-or-bust fantasy option with a chance to break out if he can stay healthy.,CAR,WR,matched_from_sheet
7.4,8,15253,Travis Etienne Jr.,"A disappointing 2024 season has dropped his ADP, but the talent is still there. He faces competition from Tank Bigsby, but he’s still the most explosive back on the team.",JAC,RB,matched_from_sheet
,9,17081,Emeka Egbuka,A talented rookie who will be battling for targets in a crowded receiver room. He's a polished route runner with a knack for making plays after the catch.,TB,WR,matched_from_sheet
,8,,Jack Bech,A rookie wide receiver with a big frame and reliable hands. He's a possession receiver who will have to fight for targets on his new team.,LV,WR,UNMATCHED_needs_id
6,9,16191,Cedric Tillman,The third-year wide receiver is a great late-round flier who could break out if he gets a bigger role. He's a big-bodied receiver who can win in the red zone.,CLE,WR,matched_from_sheet
8.4,5,,Romeo Doubs,His fantasy value is directly tied to his rapport with his QB. He led the Packers in target share and first-read share in 2024.,GB,WR,UNMATCHED_needs_id
5.3,5,,Roschon Johnson,"Stuck in a committee, Johnson's fantasy value is limited. He's a powerful runner with a nose for the goal line, but he needs more consistent volume to be a fantasy starter.",CHI,RB,UNMATCHED_needs_id
7.8,8,16164,Tank Bigsby,"Despite a crowded backfield, Bigsby is an efficient runner who could earn a significant workload. He's a touchdown vulture with a physical running style.",JAC,RB,matched_from_sheet
10.5,5,13193,Jonnu Smith,"He's now the top tight end on a new team. He's a consistent PPR producer, but his fantasy value is directly tied to his targets.",PIT,TE,matched_from_sheet
,12,17072,Tre Harris,"A rookie who is a crisp route runner with great hands who will get a chance to be a factor from day one. However, we've seen this hype train before with young Chargers receivers",LAC,WR,matched_from_sheet
9.1,6,15972,Jordan Mason,"Now the lead back in Minnesota, Mason is a powerful runner with an outside zone running scheme that fits his skillset. He's a great value pick with a clear path to touches.",MIN,RB,matched_from_sheet
5.4,14,16688,Isaac Guerendo,"A great handcuff option who could be a league-winner if Christian McCaffrey gets hurt, but he's currently battling injuries of his own. Guerendo has explosive speed and showed flashes as a rookie. ",SF,RB,matched_from_sheet
2.3,5,,MarShawn Lloyd,"A talented and explosive back, but his rookie season was derailed by injuries. He's a lottery ticket with a lot of upside if he can stay healthy.",GB,RB,UNMATCHED_needs_id
6.3,8,16206,Michael Wilson,He’s a big-bodied receiver who will get a chance to make plays in a developing offense. He had 47 catches for 548 yards and 4 TDs in 2024.,ARI,WR,matched_from_sheet
5.9,5,15712,Tyler Allgeier,"The definition of a handcuff. He's a powerful runner who would be an RB1 if Bijan Robinson ever missed time. For now, his value is limited to a few touchdowns and flex consideration.",ATL,RB,matched_from_sheet
7.8,10,,Zack Moss,"He's currently not on a team, don't say we didn't warn ya.",CIN,RB,UNMATCHED_needs_id
6.7,14,16342,DeMario Douglas,A dynamic slot receiver who is a PPR machine. He's a great late-round flier who could break out if he gets a bigger role. He finished 2024 with 66 receptions for 621 yards and three touchdowns.,NE,WR,matched_from_sheet
,6,17083,Jayden Higgins,A big-bodied rookie wide receiver with a massive catch radius and a knack for making contested catches. He is a fantastic late-round flier with incredible upside.,HOU,WR,matched_from_sheet
5.9,5,,Calvin Austin III,"A speedy receiver that was a high-volume slot receiver with a new QB, could be the WR2 in Pittsburgh could be shut out",PIT,WR,UNMATCHED_needs_id
5.3,12,,Jaleel McLaughlin,"He's an explosive, shifty runner who’s a threat to score every time he touches the ball, but he’s too small for a workhorse role.",DEN,RB,UNMATCHED_needs_id
3.8,11,,Kendre Miller,"He's coming off an injury-plagued season, but his new team could give him a shot at a lead-back role.",NO,RB,UNMATCHED_needs_id
8.3,9,13674,Dallas Goedert,"He's an efficient tight end who will provide a solid floor for your fantasy team. He usually won't give you massive spike weeks, but he's a great option still",PHI,TE,matched_from_sheet
,5,,Luther Burden III,A dynamic rookie wide receiver with an elite college resume and the swagger of a star. He's a versatile weapon who could break out,CHI,WR,UNMATCHED_needs_id
,6,,Woody Marks,"An unheralded rookie with a pass-catching skillset, Marks is an interesting late-round pick in PPR leagues. He’s a longshot to be a lead back, but he could carve out a role as a third-down specialist.",HOU,RB,UNMATCHED_needs_id
8.1,5,16222,Tucker Kraft,The Packers' tight end is a breakout candidate after a solid year last year. He's a big-bodied receiver who can win in the red zone and in the middle of the field. Still the Packers will spread the ball around,GB,TE,matched_from_sheet
6.4,5,,Ray-Ray McCloud III,"A veteran slot receiver who will provide a solid floor for your fantasy team. He won't give you massive spike weeks, but can get you points in a pinch",ATL,WR,UNMATCHED_needs_id
7.3,12,13189,Evan Engram,He's a dynamic pass-catcher who is a top-10 tight end with a high floor. He’s a consistent PPR producer who will be a key part of his team's offense.,DEN,TE,matched_from_sheet
3.4,8,,Trey Benson,"After a quiet rookie season, Benson is a high-upside lottery ticket. His combination of size and speed makes him a threat to take over the backfield if he gets a chance.",ARI,RB,UNMATCHED_needs_id
,8,17052,Bhayshul Tuten,"A game-breaking rookie with sub-4.4 speed, Tuten is a fascinating dart throw in a crowded backfield. His path to a significant role is unclear, but he has the raw talent to be a fantasy factor",JAC,RB,matched_from_sheet
,14,,Kyle Williams,"The rookie is a big-play threat with a new QB who loves to push the ball downfield. He's a boom-or-bust fantasy option, but his connection with his quarterback is something to watch.",NE,WR,UNMATCHED_needs_id
,10,,Jaydon Blue,"An explosive dual-threat rookie with elite speed, he's a late-round flier with a chance to seize a significant role in a revamped offense. His college production was solid, but he'll need to overcome ball security issues.",DAL,RB,UNMATCHED_needs_id
9,9,16628,Jalen McMillan,"After an injury-plagued rookie season, McMillan is a lottery ticket with a lot of upside if he can stay healthy. He's a polished route runner who could be a PPR monster.",TB,WR,matched_from_sheet
8.5,12,11247,Zach Ertz,A veteran tight end who still gets it done and has a great QB. We'll see if he can fend off father time for one more year.,WAS,TE,matched_from_sheet
5.4,10,15799,Jake Ferguson,"He's a consistent PPR producer who is now the Cowboys' top tight end. He’s a great option in PPR leagues, but don't expect many huge games.",DAL,TE,matched_from_sheet
4.7,8,12447,Raheem Mostert,The veteran running back is past his prime and now in a new system with a first-round rookie. His fantasy value is limited to a touchdown-vulturing role in a committee.,LV,RB,matched_from_sheet
7.1,7,,Justice Hill,"A change-of-pace back with an impressive pass-catching skillset, Hill’s value is limited by the presence of a workhorse running back",BAL,RB,UNMATCHED_needs_id
8.3,9,15713,Jerome Ford,"The Browns’ backfield is a mess with the arrival of two rookies. Ford is a high-risk, high-reward pick who needs to hold off a pair of talented newcomers.",CLE,RB,matched_from_sheet
11.1,14,14823,Rico Dowdle,"After a breakout 2024 season, Dowdle is now in a crowded backfield. His fantasy value is highly dependent on him securing the backup job and getting goal-line opportunities.",CAR,RB,matched_from_sheet
6.4,7,15798,Isaiah Likely,"A touchdown machine and a red zone weapon, but his volume is a concern. He's a high-risk, high-reward pick who could be a league winner if Mark Andrews gets hurt.",BAL,TE,matched_from_sheet
1.7,12,16610,Jaylen Wright,He's a speedster who could see an expanded role with a new offensive coordinator. He’s an intriguing bench stash who could turn into a league winner if he gets more touches.,MIA,RB,matched_from_sheet
11.1,10,13138,Kareem Hunt,"He’s still a valuable backup, but at age 30, his best days are behind him. He's a touchdown-dependent handcuff with limited upside as a standalone fantasy option.",KC,RB,matched_from_sheet
6.3,7,,Ray Davis,He’s an explosive back with a clear path to a significant role in a high-powered offense. His pass-catching ability makes him a valuable asset in PPR leagues.,BUF,RB,UNMATCHED_needs_id
7,12,,Nick Westbrook-Ikhine,He's a great deep-league play with touchdown upside. He finished his 2024 season with nine touchdowns on just 32 receptions.,MIA,WR,UNMATCHED_needs_id
5.7,10,12187,Tyler Lockett,The veteran receiver is past his prime and now in a run-heavy offense with a new rookie quarterback. His fantasy value is limited to a touchdown-vulturing role in a committee,TEN,WR,matched_from_sheet
6.2,8,16287,Tre Tucker,The third-year receiver is a big-play threat with explosive speed. He could be a league winner if he can earn a bigger role in a new offense.,LV,WR,matched_from_sheet
4.9,7,,Ty Johnson,"He's a veteran back with a pass-catching skillset, but his role is limited in a crowded backfield.",BUF,RB,UNMATCHED_needs_id
2.6,12,,Mike Williams,"He retired, don't pick him dude",LAC,WR,UNMATCHED_needs_id
4.6,8,,Tutu Atwell,"The speedster is a chance to have big spike weeks with long plays, but very boom or bust overall",LAR,WR,UNMATCHED_needs_id
5.7,11,11674,Brandin Cooks,"He's been around the block and injuries and age are a concern, but he's a veteran who can put up some points with little competition",NO,WR,matched_from_sheet
7.5,10,15788,Jalen Tolbert,"A distant third or forth receiving option, but on a team that will throw a ton",DAL,WR,matched_from_sheet
8.9,11,15768,Alec Pierce,Can get you some big spike weeks on big plays,IND,WR,matched_from_sheet
5.9,7,15319,Joshua Palmer,The veteran receiver is a consistent WR3 with a solid floor and now has Josh Allen as his QB. His fantasy value is directly tied to his targets and a new receiver room.,BUF,WR,matched_from_sheet
7.4,7,11232,DeAndre Hopkins,"He was once one of the best players in the league, but age has caught up to him. Still he's on the top scoring offense and might still have some juice",BAL,WR,matched_from_sheet
7,14,12676,Hunter Henry,"The veteran tight end is a consistent PPR producer, but his fantasy value is tied to inconsistent quarterback play. He won't give you massive spike weeks, but he's a great option in deep leagues.",NE,TE,matched_from_sheet
8,5,,Pat Freiermuth,"The Muth is a TE who provides a solid floor, but his ceiling is limited by a run-heavy offense.",PIT,TE,UNMATCHED_needs_id
,11,17102,Tyler Warren,The rookie tight end is a polished route runner with elite size and speed. He's an instant contributor in a new-look offense.,IND,TE,matched_from_sheet
14.2,11,14059,Daniel Jones,Danny Dimes is in a heated QB mid off battle with Anthony Richardson,IND,QB,matched_from_sheet
4.5,9,16596,Braelon Allen,"A big, physical back who could thrive in a new offense that values a two-man backfield. He's a great late-round flier with touchdown upside.",NYJ,RB,matched_from_sheet
6.1,7,16213,Dalton Kincaid,"The sophomore slump hit hard, but he’s still a red zone threat in a high-powered offense. We'll see if he can turn it around",BUF,TE,matched_from_sheet
5.9,10,14079,Miles Sanders,"After a forgettable 2024 season, Sanders is now a backup in a new offense. His fantasy value is minimal unless the starter gets injured, however he's in a very shaky rotation with players that do tend to get injured.",DAL,RB,matched_from_sheet
,9,17047,Dylan Sampson,"The Browns’ rookie running back is an intriguing prospect, but he's battling for touches in a crowded backfield. He's a dynasty stash with a pass-catching skillset that could earn him a role.",CLE,RB,matched_from_sheet
7.9,9,15802,Cade Otton,"Otton had some big games last year, but that seems to be an anomoly compared to the past. Or is it a sign of things to come/",TB,TE,matched_from_sheet
13.5,12,14800,J.K. Dobbins,"is talent is undeniable, but so is his injury history. Now in a committee, he's a high-risk, high-reward pick whose fantasy value is directly tied to his health.",DEN,RB,matched_from_sheet
2,8,,Blake Corum,"The talented rookie is an excellent handcuff for Kyren Williams, but his fantasy upside is capped as a backup. He’ll get goal-line work and touches, but it won't be enough to make him a consistent starter",LAR,RB,UNMATCHED_needs_id
5.7,14,,Darius Slayton,"His fantasy value is directly tied to inconsistent quarterback play, but when he connects, it's a home run.",NYG,WR,UNMATCHED_needs_id
6.1,9,,Diontae Johnson,This is his 4th team in the last 12 months - should tell you something. Still back in the day he was a top 20 WR,CLE,WR,UNMATCHED_needs_id
6.3,5,15329,Kyle Pitts,"Well, did it work for those people?
- No, it never does. I mean, these people somehow delude themselves into thinking it might, but... but it might work for us",ATL,TE,matched_from_sheet
9,9,13632,Allen Lazard,"He's back with Aaron Rodgers, but his role is a bit of a mystery. Still for some reason he keeps putting up fantasy relevant weeks",NYJ,WR,matched_from_sheet
6.4,10,13672,Mike Gesicki,A good reciever but just got some more competition from Noah Fant,CIN,TE,matched_from_sheet
6.1,5,,Christian Watson,"Coming back from an ACL tear, but if he still has the juice he can take any catch for a touchdown",GB,WR,UNMATCHED_needs_id
6,10,16207,Andrei Iosivas,The Bengals' #3 receiver is a boom-or-bust fantasy option who needs a clear path to targets to be a consistent starter,CIN,WR,matched_from_sheet
,12,17082,Pat Bryant,"A rookie that's getting training camp hype, could be nothing, or you could have a steal",DEN,WR,matched_from_sheet
5.2,9,,Kenny Pickett,2024 Super Bowl Champion Kenny Pickett could be the starter in Clevland,CLE,QB,UNMATCHED_needs_id
7.5,8,,Tyler Higbee,"A veteran tight end who will provide a solid floor for your fantasy team. His fantasy value is directly tied to his targets and a crowded receiver room, but he's a red zone weapon.",LAR,TE,UNMATCHED_needs_id
5.4,6,13772,Dalton Schultz,"The veteran tight end is a consistent PPR producer, but his production has been in decline. Still Stroud will find him on key plays",HOU,TE,matched_from_sheet
,5,17104,Colston Loveland,"The #10 pick in the NFL Draft, he's got skills. Can he carve out a role in a crowded offense and some inconsistent QB play?",CHI,TE,matched_from_sheet
4.2,8,16269,Brenton Strange,Get some strange,JAC,TE,matched_from_sheet
,9,17031,Shedeur Sanders,"You know the NFL Teams passed on him for 5 rounds of the NFL Draft, but you know something they don't",CLE,QB,matched_from_sheet
10.3,11,16586,Spencer Rattler,Competing for the QB 1 job in New Orleans after doing ok at best last year,NO,QB,matched_from_sheet
-0.1,9,,Kyle Trask,Just a backup with little upside,TB,QB,UNMATCHED_needs_id
,14,17032,Jaxson Dart,"A rookie with a shot to start, but sitting behind two other QBs. If he does start though he has a shot to put up some usable weeks",NYG,QB,matched_from_sheet
,9,,Dillon Gabriel,"He's in a room with 4 QBs, we'll see if he can win the starting job over Flacco, Pickett, and Sanders",CLE,QB,UNMATCHED_needs_id
20.9,8,11760,Jimmy Garoppolo,Ain't nothing but a Jimmy G Thang Baby,LAR,QB,matched_from_sheet
10,9,,Tyrod Taylor,Could be a starter if Justin Fields goes down. He's a veteran who isn't flashy but can put up some respectable stats,NYJ,QB,UNMATCHED_needs_id
-0.1,10,,Jake Browning,"Had a great stretch of games when Burrow was out, but strictly a backup QB",CIN,QB,UNMATCHED_needs_id
,8,,Jalen Milroe,"Back up to Sam Darnold, limited as a passer, but an incredible athlete",SEA,QB,UNMATCHED_needs_id
5.8,8,,Jacoby Brissett,He could play if something happens to Kyler.,ARI,QB,UNMATCHED_needs_id
19.2,10,,Joe Milton III,"He's got a rocket arm, but he's firmly behind Dak Prescott. However, Dak has been injured plenty of times",DAL,QB,UNMATCHED_needs_id
1.7,7,,Mitchell Trubisky,The guy Chicago picked over Patrick Mahomes,BUF,QB,UNMATCHED_needs_id
13.3,9,9064,Joe Flacco,"Former Super Bowl champion and showed he still had some game two years ago, but now he's in his 40s",CLE,QB,matched_from_sheet
0.8,12,,Taylor Heinicke,"He's a career backup, but when he gets in the game he slings it but he also throws a lot of picks.",LAC,QB,UNMATCHED_needs_id
15.3,12,,Marcus Mariota,A former #1 pick but definitely the backup to Jaden Daniels. The only way he's playing is if Daniels goes down,WAS,QB,UNMATCHED_needs_id
,10,15263,Elijah Mitchell,"He’s a former lead back with explosive speed, but injuries and a deep backfield have relegated him to a change-of-pace role. He’s a valuable handcuff for deep leagues, but not a fantasy starter.",KC,RB,matched_from_sheet
0.1,6,,Sam Howell,He's the back up to JJ McCarthy but might play more games than you think,MIN,QB,UNMATCHED_needs_id
8.5,12,14223,Alexander Mattison,"A new team and a committee backfield make him a risky fantasy option. He'll get some touches, but his fantasy upside is capped as a backup.",MIA,RB,matched_from_sheet
,14,,Trevor Etienne,"A rookie with an intriguing skillset, Etienne could be a dynamic playmaker in a pass-heavy offense. He's a deep-league stash, but he needs a clear path to touches before he can be a reliable fantasy starter.",CAR,RB,UNMATCHED_needs_id
0.2,12,,Jarrett Stidham,Purely the backup to Bo Nix,DEN,QB,UNMATCHED_needs_id
5.4,14,,Antonio Gibson,"He's a pass-catching specialist on a run-heavy team, but needs to overcome the fumbling issues",NE,RB,UNMATCHED_needs_id
14.4,9,,Tanner McKee,Super Bowl Champion Tanner McKee is purely a backup and insurance policy to Jalen Hurts,PHI,QB,UNMATCHED_needs_id
10.6,10,,Gardner Minshew II,"Backing up Mahomes he won't get much playing time if any, but there is a small chance he's running the Chiefs offense for a few weeks",KC,QB,UNMATCHED_needs_id
,12,,Zach Wilson,"Zach Wilson has a decently high chance to start games and throw to Tyreek Hill, Jalen Waddle and Devon Achane. Just one problem, he's not any good",MIA,QB,UNMATCHED_needs_id
4,10,13133,Samaje Perine,"Now back with the Bengals, Perine's role is a bit of a mystery. He's a veteran with a pass-catching skillset, but he needs an injury to a starter to have any fantasy value. He had a career-high 35 receptions in 2024.",CIN,RB,matched_from_sheet
3.3,8,15292,Dyami Brown,"He's a speedster who can make big plays, but he's never had a consistent role. He finished 2024 with 30 receptions for 308 yards.",JAC,WR,matched_from_sheet
4.8,8,,Parker Washington,This Jag is a JAG (just a guy),JAC,WR,UNMATCHED_needs_id
5.2,10,15889,Chig Okonkwo,"One of the most fun names in the NFL. He's big and fast and has a new QB, maybe this is the year",TEN,TE,matched_from_sheet
5.4,8,13793,Marquez Valdes-Scantling,"Just as likely to drop a big TD as catch one, but still he's a vertical deep threat",SEA,WR,matched_from_sheet
6.3,12,13172,Noah Brown,"If Scary Terry isn't on Washington, and Deebo Samuel is injured he might play a ton",WAS,WR,matched_from_sheet
2.5,11,,Adonai Mitchell,"A highly-touted rookie with a frustratingly low production in his debut season. His talent is undeniable, but he has yet to put it all together on the field.",IND,WR,UNMATCHED_needs_id
6.4,14,12785,Demarcus Robinson,A veteran journeyman who somehow found a spark late in his career. He's a touchdown-dependent player in a new system who could provide a few good weeks.,SF,WR,matched_from_sheet
7,14,16809,Jalen Coker,"He showed some flashes of brilliance like a 110 yards on 4 catches against the Cowboys. Still, he's fighting for targets on his team",CAR,WR,matched_from_sheet
5.8,11,,Juwan Johnson,"Johnson had some big games last year and also a ton of duds, but at this price you get what you pay for",NO,TE,UNMATCHED_needs_id
9.7,8,16614,Marvin Harrison Jr.,"The generational prospect didn't exactly have a generational rookie year, but with a full season under his belt, it could be a different story. He's a technician with Hall of Fame bloodlines. While he might have been a disappointment last year for fantasy, he did tie the Cardinals' rookie record for receiving touchdowns with eight.",ARI,WR,matched_from_sheet
,8,,Tory Horton,"Don't sleep on the Seahawks' rookie wideout, a fifth-round gem who's been ""making multiple plays every day"" in camp. He's a player with a full arsenal of routes who is poised for a massive role in a new offense. A knee injury in his final college season caused him to slip to the fifth round.",SEA,WR,UNMATCHED_needs_id
,12,17256,Jacory Croskey-Merritt,"Jacory Croskey-Merritt’s nickname is “Bill”. He tells the story that as a kid, he had a shaved, bald head, so his friends called him “Little Bill” in reference to the cartoon character. 

“Bill” was a zero-star recruit from Montgomery, Alabama who played at Alabama State for 4 seasons, then New Mexico, and then Arizona. Which brings me to the whole reason he didn’t get an NFL Combine invite - he played just ONE game at Arizona in his final season of college football. ",WAS,RB,matched_from_sheet
,9,17106,Mason Taylor,"The rookie tight end has bloodlines (son of NFL great Jason Taylor) and the kind of size-speed combo that makes coaches daydream. He’s raw, but his knack for finding soft spots in coverage could turn him into a sneaky fantasy spoiler by midseason.",NYJ,TE,matched_from_sheet
